<application>
  <component name="WebServers">
    <option name="servers">
      <webServer id="815419f3-9202-403c-b3f2-32b6903890f6" name="remonter82" url="http://5.253.61.250">
        <fileTransfer host="5.253.61.250" port="21">
          <advancedOptions>
            <advancedOptions dataProtectionLevel="Private" passiveMode="true" shareSSLContext="true" />
          </advancedOptions>
        </fileTransfer>
      </webServer>
      <webServer id="1079011a-9622-4485-8bee-430c7b3f5617" name="main" url="http://5.253.61.250">
        <fileTransfer host="5.253.61.250" port="21">
          <advancedOptions>
            <advancedOptions dataProtectionLevel="Private" passiveMode="true" shareSSLContext="true" />
          </advancedOptions>
        </fileTransfer>
      </webServer>
      <webServer id="31c89bf5-b262-4c4a-969d-fa249028f7b0" name="webdev" url="http://5.253.61.99">
        <fileTransfer host="5.253.61.99" port="21">
          <advancedOptions>
            <advancedOptions dataProtectionLevel="Private" passiveMode="true" shareSSLContext="true" />
          </advancedOptions>
        </fileTransfer>
      </webServer>
      <webServer id="9beddcb8-319d-4f57-97da-8af18acf109b" name="remonter92" url="http://5.253.61.99">
        <fileTransfer host="5.253.61.99" port="21">
          <advancedOptions>
            <advancedOptions dataProtectionLevel="Private" passiveMode="true" shareSSLContext="true" />
          </advancedOptions>
        </fileTransfer>
      </webServer>
    </option>
  </component>
</application>